customer_id,customer_name,segment_id,region_id
1,James Rodriguez,1,4
2,Jennifer Anderson,1,2
3,Patricia Anderson,2,2
4,Elizabeth Thomas,3,4
5,Richard Jackson,3,3
6,Karen Brown,3,2
7,Karen Thomas,2,4
8,David Anderson,2,4
9,David Hernandez,1,3
10,Robert Taylor,2,3
11,John Gonzalez,1,1
12,Elizabeth Jones,2,3
13,Barbara Davis,1,3
14,Barbara Thomas,2,4
15,Mary Williams,3,2
16,Sarah Taylor,1,4
17,Mary Lopez,2,1
18,Thomas Garcia,2,4
19,Thomas Johnson,1,1
20,Linda Wilson,2,3
21,Jennifer Rodriguez,3,2
22,James Jones,1,2
23,Michael Rodriguez,1,4
24,Susan Rodriguez,1,2
25,Patricia Martin,1,1
26,Joseph Brown,1,1
27,Robert Wilson,3,3
28,William Jackson,1,4
29,Jennifer Williams,3,3
30,Sarah Thomas,3,2
31,Robert Johnson,3,3
32,Mary Martinez,1,2
33,Joseph Williams,3,1
34,Linda Moore,1,4
35,David Miller,3,4
36,Charles Miller,1,3
37,Mary Garcia,2,2
38,John Wilson,2,1
39,Sarah Brown,3,2
40,Patricia Gonzalez,2,3
41,James Martin,3,2
42,John Williams,3,1
43,Charles Gonzalez,3,3
44,Michael Martinez,2,1
45,Robert Johnson,3,3
46,Michael Rodriguez,2,4
47,Barbara Martinez,2,2
48,Charles Gonzalez,1,1
49,Elizabeth Jones,2,1
50,Joseph Williams,1,2
51,Linda Garcia,3,1
52,Charles Taylor,3,1
53,Elizabeth Smith,1,1
54,Richard Martinez,3,4
55,Barbara Johnson,1,1
56,Elizabeth Smith,1,4
57,James Martin,3,2
58,Joseph Smith,1,4
59,William Miller,1,1
60,Jessica Thomas,1,1
61,Richard Martinez,3,1
62,Sarah Rodriguez,3,4
63,Barbara Gonzalez,3,3
64,David Anderson,3,3
65,Elizabeth Martinez,3,2
66,William Williams,2,2
67,Jessica Lopez,2,2
68,Thomas Anderson,1,1
69,Robert Jones,2,3
70,Richard Garcia,3,3
71,William Jackson,3,2
72,Michael Gonzalez,3,3
73,John Thomas,1,2
74,Patricia Jones,1,1
75,Karen Jackson,1,3
76,Jennifer Brown,1,1
77,James Taylor,1,1
78,William Thomas,1,3
79,Mary Hernandez,2,4
80,John Gonzalez,3,2
81,Karen Taylor,2,3
82,Joseph Lopez,1,1
83,Jennifer Martin,3,2
84,Richard Moore,3,1
85,Joseph Anderson,3,2
86,Linda Jackson,2,3
87,Susan Miller,3,1
88,Susan Jones,1,2
89,Joseph Anderson,1,2
90,Patricia Smith,2,3
91,Thomas Martin,2,2
92,James Thomas,1,2
93,Richard Moore,2,1
94,Elizabeth Moore,3,3
95,Thomas Rodriguez,2,3
96,Susan Gonzalez,3,1
97,Karen Martin,3,4
98,Susan Hernandez,3,1
99,Richard Taylor,3,1
100,Robert Smith,3,4
101,John Gonzalez,1,2
102,John Jones,1,3
103,Barbara Johnson,1,3
104,Jessica Taylor,3,4
105,John Lopez,2,3
106,Joseph Garcia,2,4
107,Richard Hernandez,3,2
108,Thomas Rodriguez,2,4
109,Jessica Taylor,3,3
110,Karen Moore,2,3
111,Richard Hernandez,3,4
112,Richard Gonzalez,2,3
113,Barbara Wilson,2,4
114,Richard Rodriguez,1,3
115,Susan Smith,2,1
116,William Brown,2,2
117,Barbara Wilson,3,3
118,William Williams,2,3
119,Jennifer Williams,2,3
120,James Williams,2,4
121,Susan Martin,2,3
122,Mary Lopez,2,4
123,Elizabeth Gonzalez,1,3
124,Karen Brown,2,1
125,Charles Smith,3,1
126,David Thomas,3,2
127,Charles Jackson,2,4
128,Barbara Williams,2,2
129,Sarah Taylor,2,3
130,John Thomas,1,3
131,Susan Jackson,3,1
132,Jennifer Williams,1,2
133,Jennifer Lopez,1,3
134,Karen Hernandez,2,3
135,Michael Smith,2,4
136,Jessica Thomas,3,3
137,Thomas Anderson,2,2
138,William Jones,3,1
139,Karen Davis,1,1
140,James Miller,3,3
141,David Martin,3,3
142,Richard Gonzalez,3,3
143,Michael Hernandez,1,4
144,Sarah Smith,1,3
145,Barbara Williams,2,3
146,James Brown,2,4
147,Jennifer Jones,3,2
148,David Martin,3,4
149,Richard Hernandez,1,1
150,Jennifer Jackson,1,4
151,Joseph Gonzalez,1,4
152,Elizabeth Smith,3,2
153,Richard Garcia,3,2
154,Karen Lopez,1,3
155,Thomas Moore,3,4
156,Linda Wilson,1,2
157,John Johnson,2,1
158,David Williams,1,3
159,Jessica Thomas,3,4
160,William Gonzalez,3,1
161,Elizabeth Taylor,3,2
162,Thomas Martinez,3,3
163,Linda Miller,1,1
164,Susan Moore,1,4
165,Charles Moore,2,1
166,Susan Martinez,1,3
167,James Rodriguez,2,4
168,Sarah Gonzalez,1,4
169,Thomas Thomas,1,1
170,David Rodriguez,3,3
171,Michael Smith,2,4
172,William Martinez,3,3
173,Jessica Moore,3,2
174,Susan Hernandez,1,1
175,Patricia Jackson,1,3
176,Richard Smith,2,2
177,Charles Anderson,2,2
178,Karen Anderson,1,3
179,David Jones,2,3
180,Elizabeth Moore,1,1
181,Michael Smith,1,1
182,Robert Smith,1,4
183,Thomas Anderson,2,1
184,John Thomas,3,3
185,Barbara Jackson,2,4
186,Susan Williams,3,2
187,Charles Smith,2,2
188,James Martinez,3,3
189,Robert Gonzalez,3,4
190,Jennifer Hernandez,2,4
191,Jennifer Williams,2,1
192,Jessica Rodriguez,3,2
193,Linda Williams,1,2
194,John Wilson,3,1
195,John Jackson,3,2
196,John Martin,1,1
197,Karen Johnson,3,2
198,Michael Smith,1,2
199,Sarah Martinez,1,2
200,Jennifer Miller,2,1
201,Barbara Moore,3,2
202,David Jackson,3,2
203,Patricia Jackson,1,4
204,Richard Jackson,3,2
205,Mary Rodriguez,1,3
206,Linda Wilson,3,2
207,William Gonzalez,3,2
208,Sarah Garcia,1,4
209,Robert Martinez,1,4
210,Elizabeth Martinez,3,1
211,William Lopez,3,1
212,Linda Rodriguez,1,3
213,Thomas Davis,2,4
214,Sarah Martin,2,1
215,Thomas Garcia,3,1
216,Elizabeth Smith,3,1
217,James Rodriguez,3,4
218,Karen Williams,1,4
219,Jennifer Miller,3,3
220,William Jones,3,4
221,Jessica Johnson,3,4
222,Robert Williams,2,4
223,Karen Martinez,3,3
224,Robert Anderson,3,2
225,Susan Brown,1,2
226,Elizabeth Hernandez,2,1
227,David Davis,1,2
228,William Davis,3,2
229,Barbara Taylor,3,3
230,Joseph Jackson,3,3
231,Karen Garcia,3,2
232,John Davis,3,2
233,Sarah Anderson,1,2
234,Robert Wilson,3,1
235,Joseph Gonzalez,3,3
236,Karen Rodriguez,2,2
237,Thomas Jackson,2,4
238,Patricia Martin,3,2
239,Elizabeth Williams,3,4
240,Charles Rodriguez,3,1
241,John Wilson,3,4
242,Michael Garcia,3,3
243,Linda Johnson,3,1
244,Susan Miller,1,1
245,Robert Martin,1,2
246,Jennifer Wilson,1,1
247,Barbara Moore,2,1
248,Barbara Miller,3,4
249,John Lopez,2,2
250,William Hernandez,2,3
251,Patricia Wilson,2,2
252,Barbara Moore,1,3
253,Michael Smith,3,4
254,Richard Thomas,3,1
255,John Jackson,2,1
256,William Rodriguez,1,2
257,Barbara Moore,2,2
258,Elizabeth Taylor,2,2
259,Charles Hernandez,3,1
260,Jessica Davis,1,1
261,Joseph Hernandez,3,4
262,Michael Johnson,2,3
263,Charles Rodriguez,3,2
264,Sarah Gonzalez,2,1
265,James Jackson,1,3
266,Richard Wilson,3,2
267,Thomas Martin,3,2
268,James Jones,3,3
269,Karen Wilson,3,3
270,Sarah Gonzalez,3,3
271,Barbara Anderson,1,1
272,Patricia Rodriguez,1,4
273,Robert Hernandez,3,2
274,Joseph Thomas,2,2
275,Michael Miller,2,3
276,William Taylor,3,1
277,Richard Rodriguez,3,3
278,William Martin,1,1
279,Barbara Jackson,1,4
280,Joseph Moore,3,2
281,Linda Garcia,3,2
282,Jennifer Williams,2,1
283,Robert Johnson,1,4
284,John Martin,3,4
285,Barbara Garcia,1,2
286,Jessica Jones,3,2
287,Jennifer Brown,3,3
288,Susan Williams,3,1
289,Thomas Jones,3,2
290,Jennifer Martin,2,4
291,Patricia Gonzalez,3,4
292,Linda Hernandez,2,2
293,Charles Jones,2,4
294,John Williams,3,1
295,Mary Williams,1,4
296,Joseph Miller,1,4
297,Robert Anderson,3,2
298,David Thomas,3,1
299,Richard Johnson,3,1
300,Karen Lopez,1,3
301,Michael Smith,1,1
302,Susan Martinez,3,3
303,Robert Hernandez,1,2
304,Karen Anderson,2,4
305,Jennifer Moore,1,1
306,Richard Anderson,1,3
307,Robert Anderson,3,1
308,James Martinez,2,2
309,Sarah Davis,3,3
310,Barbara Jones,1,3
311,James Davis,2,3
312,John Taylor,3,2
313,Joseph Brown,1,3
314,Richard Taylor,2,4
315,Richard Johnson,3,2
316,Patricia Johnson,2,4
317,Barbara Jackson,1,4
318,Sarah Martinez,3,2
319,John Hernandez,1,1
320,James Williams,2,4
321,Thomas Anderson,1,2
322,Susan Anderson,2,4
323,Jessica Brown,3,3
324,Charles Davis,1,4
325,Jennifer Thomas,3,4
326,Robert Davis,3,4
327,John Jones,3,3
328,Barbara Smith,3,4
329,Michael Hernandez,1,2
330,Elizabeth Williams,1,4
331,Linda Smith,3,2
332,Linda Martin,3,4
333,David Miller,2,4
334,Jessica Miller,3,4
335,Richard Martinez,2,1
336,Thomas Williams,2,1
337,Michael Hernandez,3,3
338,Richard Jones,1,2
339,Charles Anderson,2,3
340,James Jones,1,2
341,Richard Martinez,3,3
342,John Smith,3,3
343,Elizabeth Moore,3,4
344,Linda Martin,3,4
345,Robert Jackson,2,4
346,Charles Johnson,2,4
347,Thomas Thomas,1,4
348,Elizabeth Thomas,1,3
349,John Martin,2,2
350,Robert Williams,3,1
351,Mary Brown,1,1
352,Sarah Johnson,2,2
353,Jennifer Williams,1,1
354,Robert Johnson,2,3
355,Robert Taylor,3,2
356,Susan Miller,2,2
357,Jennifer Davis,1,1
358,Charles Jackson,2,1
359,Barbara Jones,1,3
360,John Wilson,1,4
361,Thomas Thomas,1,2
362,Patricia Davis,3,4
363,Robert Jones,3,1
364,Michael Moore,2,2
365,Linda Hernandez,2,4
366,Susan Moore,1,3
367,Richard Garcia,3,3
368,Richard Smith,2,3
369,David Miller,2,2
370,Elizabeth Johnson,3,2
371,Jessica Jones,1,2
372,Jessica Thomas,2,2
373,Joseph Rodriguez,1,2
374,James Rodriguez,3,4
375,David Jones,3,4
376,Jennifer Davis,2,3
377,Joseph Thomas,2,4
378,Sarah Lopez,3,4
379,Patricia Thomas,1,3
380,David Miller,1,3
381,Joseph Taylor,3,1
382,Joseph Martinez,2,3
383,Patricia Taylor,3,4
384,Patricia Hernandez,2,2
385,Patricia Lopez,1,3
386,Elizabeth Wilson,2,1
387,Sarah Garcia,1,4
388,John Johnson,3,1
389,Richard Wilson,2,1
390,Robert Hernandez,1,4
391,Patricia Gonzalez,2,1
392,Linda Davis,1,4
393,Richard Martinez,1,1
394,Richard Gonzalez,3,2
395,Thomas Garcia,3,3
396,Mary Taylor,2,2
397,Barbara Garcia,1,2
398,John Jones,3,1
399,William Williams,2,3
400,Karen Jones,3,3
401,Michael Lopez,2,3
402,Michael Martinez,3,1
403,Linda Taylor,3,2
404,John Anderson,1,4
405,William Hernandez,1,4
406,Richard Moore,3,4
407,Thomas Rodriguez,1,3
408,Elizabeth Jones,3,4
409,David Anderson,2,2
410,Mary Martin,3,4
411,Susan Jones,3,3
412,Jennifer Anderson,2,3
413,Patricia Martinez,2,4
414,Charles Rodriguez,1,3
415,Elizabeth Brown,2,4
416,Patricia Garcia,1,3
417,Linda Thomas,3,1
418,Linda Thomas,2,1
419,Jennifer Taylor,3,2
420,James Jackson,1,1
421,Sarah Taylor,2,4
422,Thomas Lopez,1,3
423,Barbara Garcia,1,2
424,Michael Davis,2,4
425,Robert Taylor,2,4
426,Linda Hernandez,1,2
427,Karen Moore,2,2
428,Jessica Gonzalez,1,4
429,William Jackson,3,3
430,Michael Taylor,3,4
431,Linda Davis,2,3
432,Robert Thomas,2,2
433,Barbara Anderson,3,4
434,Patricia Miller,1,1
435,David Jones,1,4
436,Richard Hernandez,1,3
437,John Davis,2,4
438,Thomas Hernandez,1,3
439,Charles Moore,2,1
440,Elizabeth Jones,2,2
441,James Taylor,2,1
442,Thomas Smith,3,3
443,James Rodriguez,1,2
444,Patricia Rodriguez,2,2
445,Susan Anderson,1,4
446,Jessica Thomas,3,1
447,Richard Wilson,1,3
448,William Rodriguez,3,3
449,Patricia Martinez,2,2
450,Robert Rodriguez,2,4
451,Charles Thomas,3,3
452,Jessica Taylor,2,4
453,Sarah Martinez,1,2
454,Charles Anderson,1,2
455,Joseph Hernandez,3,2
456,Linda Thomas,1,4
457,Elizabeth Rodriguez,2,3
458,Joseph Jones,2,1
459,Karen Johnson,2,4
460,Jessica Moore,1,2
461,Jessica Jones,2,1
462,James Jackson,1,1
463,Elizabeth Gonzalez,3,1
464,David Anderson,2,1
465,Mary Garcia,3,1
466,David Anderson,1,2
467,William Lopez,1,3
468,Patricia Wilson,3,1
469,Robert Taylor,2,3
470,Richard Davis,2,3
471,Barbara Lopez,2,4
472,Barbara Johnson,3,2
473,Elizabeth Rodriguez,1,1
474,James Brown,3,3
475,Susan Thomas,1,4
476,Sarah Johnson,2,3
477,Jennifer Williams,2,1
478,Karen Jackson,1,2
479,Richard Taylor,2,2
480,Susan Hernandez,3,1
481,Jessica Hernandez,1,3
482,Sarah Johnson,2,4
483,Linda Wilson,2,2
484,Mary Gonzalez,2,2
485,Elizabeth Davis,2,3
486,Michael Gonzalez,1,3
487,Charles Anderson,1,3
488,Mary Jones,2,4
489,Charles Smith,3,3
490,Michael Moore,3,4
491,James Smith,3,1
492,Michael Taylor,3,4
493,Jennifer Martin,1,3
494,Barbara Martin,1,4
495,Joseph Gonzalez,3,4
496,Barbara Johnson,1,4
497,Sarah Brown,3,2
498,Elizabeth Hernandez,2,3
499,Jennifer Garcia,2,4
500,William Martin,3,3
501,Richard Jones,1,1
502,Jennifer Brown,3,4
503,Jennifer Moore,1,4
504,Richard Williams,2,1
505,Elizabeth Brown,1,3
506,Joseph Lopez,3,1
507,Joseph Martinez,2,1
508,Barbara Davis,2,1
509,Robert Miller,1,1
510,Sarah Williams,2,3
511,Joseph Johnson,2,4
512,Joseph Gonzalez,1,1
513,Karen Martinez,2,1
514,Linda Thomas,3,2
515,Jessica Johnson,1,3
516,William Davis,1,1
517,David Smith,1,2
518,David Moore,1,1
519,Joseph Rodriguez,3,3
520,William Smith,1,2
521,Michael Lopez,3,2
522,Elizabeth Jackson,1,3
523,Jessica Garcia,1,2
524,David Jackson,2,2
525,Charles Moore,2,1
526,Joseph Thomas,3,2
527,Susan Davis,2,4
528,Linda Johnson,1,3
529,Jennifer Gonzalez,3,1
530,Richard Lopez,2,2
531,Mary Martin,1,4
532,Barbara Taylor,2,1
533,Jennifer Miller,2,3
534,Jennifer Brown,2,2
535,William Jones,2,3
536,Elizabeth Anderson,1,3
537,Linda Brown,2,2
538,John Miller,3,2
539,Jennifer Gonzalez,3,1
540,Charles Martinez,2,3
541,Joseph Williams,3,2
542,Sarah Wilson,2,3
543,Robert Hernandez,1,2
544,Elizabeth Taylor,1,3
545,Richard Johnson,3,1
546,Richard Jackson,3,3
547,John Thomas,2,2
548,Elizabeth Lopez,2,4
549,Karen Gonzalez,2,1
550,Jessica Smith,1,1
551,William Thomas,2,4
552,Charles Anderson,1,2
553,Sarah Lopez,3,1
554,Susan Williams,1,4
555,Patricia Garcia,3,4
556,Jessica Gonzalez,1,3
557,Barbara Lopez,1,3
558,Mary Gonzalez,2,2
559,Robert Gonzalez,3,4
560,Mary Jackson,1,3
561,William Martin,1,2
562,James Gonzalez,3,1
563,Mary Anderson,1,3
564,Charles Thomas,3,2
565,David Anderson,3,3
566,Jennifer Wilson,3,1
567,Jennifer Jackson,1,1
568,John Hernandez,1,3
569,Patricia Rodriguez,2,1
570,William Taylor,3,2
571,Linda Anderson,1,3
572,William Jones,1,3
573,Patricia Martin,3,1
574,Sarah Rodriguez,3,2
575,Robert Rodriguez,3,3
576,William Brown,2,3
577,Michael Miller,2,1
578,Linda Smith,2,1
579,William Lopez,3,2
580,Jennifer Gonzalez,1,2
581,John Jackson,3,1
582,James Moore,1,2
583,Linda Davis,2,4
584,Joseph Jackson,2,4
585,Elizabeth Thomas,2,1
586,David Lopez,1,3
587,Jessica Thomas,1,1
588,Karen Williams,3,1
589,William Davis,3,1
590,Elizabeth Gonzalez,3,3
591,Sarah Gonzalez,2,4
592,Richard Anderson,3,2
593,Richard Thomas,2,4
594,Linda Jackson,1,2
595,Elizabeth Lopez,2,2
596,Susan Garcia,2,1
597,William Miller,2,1
598,Jennifer Smith,1,2
599,Susan Garcia,1,3
600,Barbara Taylor,3,3
601,John Hernandez,3,3
602,John Lopez,3,3
603,Robert Rodriguez,1,1
604,Jennifer Johnson,1,4
605,Mary Lopez,1,4
606,Linda Johnson,1,2
607,William Thomas,1,3
608,Joseph Wilson,2,1
609,Karen Brown,3,1
610,Patricia Hernandez,2,1
611,Sarah Jones,3,2
612,Mary Anderson,2,1
613,David Taylor,1,2
614,Jessica Anderson,3,2
615,Robert Martin,2,2
616,Joseph Jackson,3,2
617,Richard Thomas,1,1
618,Barbara Taylor,1,1
619,Jessica Rodriguez,3,4
620,Jennifer Jackson,3,1
621,Richard Davis,1,3
622,Barbara Rodriguez,1,3
623,Patricia Gonzalez,1,2
624,Mary Williams,2,2
625,John Moore,3,2
626,Susan Johnson,1,4
627,Joseph Davis,3,2
628,Jessica Williams,2,4
629,Karen Martin,2,2
630,John Brown,1,3
631,Barbara Jackson,3,2
632,Joseph Gonzalez,2,1
633,John Lopez,3,2
634,Charles Johnson,3,1
635,Michael Jones,1,1
636,Karen Hernandez,2,1
637,Sarah Moore,2,1
638,Michael Martinez,2,4
639,Karen Wilson,3,4
640,Karen Martin,2,2
641,David Johnson,2,2
642,Richard Gonzalez,3,4
643,William Taylor,2,2
644,Joseph Thomas,2,2
645,Elizabeth Martin,3,4
646,Barbara Jones,2,4
647,Karen Taylor,1,2
648,Elizabeth Garcia,3,4
649,Karen Garcia,2,3
650,Barbara Jackson,1,1
651,Mary Gonzalez,3,1
652,Karen Hernandez,2,3
653,Joseph Gonzalez,3,3
654,Robert Wilson,1,2
655,Linda Rodriguez,3,2
656,Joseph Moore,2,1
657,Linda Hernandez,1,2
658,John Anderson,3,1
659,Joseph Miller,2,2
660,Sarah Lopez,2,2
661,Barbara Brown,1,1
662,David Garcia,1,3
663,Elizabeth Anderson,3,3
664,James Taylor,2,2
665,Robert Hernandez,1,3
666,Sarah Martinez,2,2
667,William Miller,3,4
668,David Davis,1,4
669,Mary Jones,3,4
670,William Smith,3,3
671,Thomas Martinez,1,3
672,Linda Moore,3,1
673,Elizabeth Rodriguez,2,3
674,Patricia Johnson,1,2
675,Charles Martinez,2,1
676,Thomas Williams,3,3
677,Charles Jackson,1,1
678,Charles Jackson,2,3
679,Joseph Moore,2,2
680,Thomas Martinez,2,4
681,Susan Jackson,2,4
682,Sarah Hernandez,2,2
683,David Lopez,3,1
684,Linda Thomas,3,4
685,Linda Wilson,3,3
686,Sarah Brown,3,3
687,Thomas Gonzalez,3,1
688,John Williams,3,1
689,William Martin,3,2
690,Sarah Martin,2,4
691,Charles Jackson,3,1
692,Jessica Smith,2,4
693,John Anderson,1,4
694,Barbara Smith,3,3
695,Susan Moore,2,1
696,Sarah Garcia,1,2
697,James Taylor,1,1
698,Sarah Anderson,2,4
699,Barbara Gonzalez,2,3
700,Karen Johnson,2,1
701,Patricia Williams,3,1
702,Charles Davis,1,1
703,Barbara Lopez,3,2
704,Elizabeth Smith,3,2
705,John Martin,3,2
706,David Rodriguez,1,2
707,Susan Williams,1,3
708,John Rodriguez,1,3
709,Sarah Garcia,2,2
710,Michael Thomas,3,4
711,Linda Martinez,2,2
712,John Hernandez,2,2
713,Richard Martin,3,4
714,Mary Wilson,1,1
715,William Martinez,3,4
716,Elizabeth Martinez,2,4
717,Charles Hernandez,1,3
718,David Williams,1,1
719,Charles Smith,2,4
720,Barbara Anderson,1,2
721,Susan Williams,1,4
722,Karen Gonzalez,3,3
723,Sarah Thomas,3,4
724,Jennifer Martinez,2,2
725,Thomas Taylor,2,1
726,Linda Brown,2,3
727,Joseph Smith,1,1
728,Michael Martinez,2,3
729,Michael Smith,3,2
730,Thomas Lopez,1,3
731,Thomas Anderson,2,1
732,Jessica Wilson,1,1
733,Robert Jackson,1,4
734,Barbara Jackson,1,1
735,Sarah Wilson,2,4
736,Karen Rodriguez,1,1
737,Robert Lopez,1,4
738,Karen Taylor,1,2
739,John Davis,3,4
740,Charles Brown,2,1
741,Joseph Jackson,3,2
742,Joseph Wilson,1,3
743,Jessica Martinez,1,1
744,Susan Martin,3,4
745,David Johnson,1,3
746,Charles Williams,3,4
747,Patricia Hernandez,1,3
748,Richard Moore,1,2
749,Sarah Jackson,1,1
750,Barbara Smith,1,2
751,Jennifer Williams,2,1
752,Thomas Williams,2,3
753,James Williams,2,2
754,Patricia Garcia,3,1
755,Michael Davis,3,3
756,Richard Brown,3,2
757,Jennifer Hernandez,3,2
758,James Davis,2,2
759,Mary Davis,3,2
760,Karen Rodriguez,3,4
761,Patricia Taylor,3,3
762,Michael Martinez,1,4
763,John Martinez,3,3
764,Barbara Martin,1,3
765,Jennifer Smith,3,3
766,Robert Miller,3,1
767,David Lopez,1,3
768,William Smith,3,2
769,Patricia Johnson,1,4
770,Mary Taylor,3,2
771,Mary Brown,3,2
772,David Jackson,1,4
773,Richard Moore,2,2
774,Charles Anderson,1,1
775,Barbara Hernandez,2,2
776,James Thomas,1,2
777,Richard Garcia,2,4
778,Jennifer Martinez,3,2
779,Mary Williams,2,4
780,Jennifer Thomas,3,3
781,Jennifer Gonzalez,1,3
782,Patricia Anderson,2,1
783,Jennifer Smith,3,4
784,William Lopez,1,4
785,David Gonzalez,2,4
786,James Jackson,3,1
787,Patricia Jones,2,1
788,Thomas Jones,2,2
789,Charles Williams,3,4
790,David Johnson,3,1
791,Susan Garcia,1,3
792,Charles Smith,3,3
793,Michael Johnson,3,4
794,Charles Smith,2,3
795,William Taylor,3,2
796,Elizabeth Garcia,2,2
797,Robert Martin,2,4
798,Joseph Martin,3,1
799,Jennifer Williams,3,1
800,Elizabeth Lopez,3,1
801,James Thomas,3,1
802,Thomas Martinez,1,4
803,Barbara Jackson,2,2
804,Linda Davis,1,4
805,Elizabeth Martinez,1,4
806,Sarah Martinez,2,3
807,Michael Brown,1,2
808,James Hernandez,3,1
809,Charles Jones,3,2
810,Linda Johnson,3,3
811,Mary Wilson,3,4
812,William Martinez,2,2
813,Richard Smith,3,3
814,Susan Johnson,2,4
815,Patricia Jackson,2,1
816,James Brown,2,2
817,David Gonzalez,2,1
818,Sarah Martinez,1,1
819,John Smith,1,3
820,Susan Thomas,3,3
821,Sarah Williams,2,4
822,Robert Brown,3,1
823,Michael Gonzalez,3,3
824,William Williams,3,3
825,Thomas Anderson,3,1
826,Elizabeth Anderson,2,4
827,James Martinez,2,1
828,Michael Miller,1,4
829,Robert Miller,2,4
830,William Davis,2,3
831,Robert Jones,3,1
832,Richard Gonzalez,2,1
833,Linda Moore,3,3
834,Michael Martinez,2,2
835,Elizabeth Hernandez,1,2
836,Barbara Gonzalez,3,1
837,Linda Taylor,2,3
838,Susan Taylor,2,4
839,Charles Thomas,3,4
840,William Martin,1,1
841,Elizabeth Rodriguez,1,3
842,James Williams,2,1
843,David Miller,2,1
844,Sarah Gonzalez,2,3
845,Sarah Thomas,3,1
846,Jessica Martinez,3,4
847,William Davis,3,2
848,Charles Williams,2,4
849,William Johnson,1,2
850,Charles Davis,3,3
851,Sarah Davis,1,1
852,John Garcia,2,2
853,Elizabeth Anderson,3,3
854,Patricia Williams,3,3
855,William Thomas,3,3
856,Jessica Anderson,2,4
857,William Taylor,2,4
858,Barbara Davis,2,2
859,Susan Moore,1,2
860,Barbara Wilson,1,4
861,Karen Jones,3,2
862,James Gonzalez,3,2
863,Susan Johnson,2,1
864,Jessica Jones,2,2
865,James Lopez,2,3
866,Charles Martinez,3,1
867,Barbara Jackson,2,2
868,Jessica Taylor,1,1
869,Richard Miller,1,3
870,Robert Jones,3,2
871,Patricia Anderson,3,1
872,Thomas Lopez,1,2
873,Susan Brown,2,1
874,Thomas Hernandez,3,1
875,Jennifer Brown,3,3
876,Richard Martin,3,3
877,Joseph Moore,1,2
878,Thomas Jackson,3,4
879,Elizabeth Jones,1,2
880,Barbara Anderson,1,1
881,Patricia Davis,2,3
882,Karen Taylor,2,3
883,Jennifer Thomas,2,1
884,John Wilson,3,4
885,Mary Taylor,1,3
886,Jennifer Hernandez,3,4
887,Mary Smith,1,3
888,John Davis,3,1
889,Patricia Jackson,1,2
890,John Jones,2,2
891,Jessica Moore,2,4
892,David Taylor,3,2
893,Robert Moore,1,1
894,Patricia Jackson,2,2
895,William Jones,1,4
896,Patricia Thomas,3,1
897,Elizabeth Rodriguez,2,1
898,Jessica Martin,3,3
899,Thomas Moore,3,3
900,Joseph Martin,1,2
901,William Garcia,3,4
902,Jennifer Hernandez,3,1
903,Karen Williams,1,2
904,Barbara Anderson,1,2
905,Michael Moore,3,3
906,Joseph Davis,2,2
907,William Anderson,2,2
908,Jessica Martin,1,3
909,Robert Jones,3,2
910,Robert Johnson,2,2
911,Mary Brown,1,1
912,Robert Rodriguez,1,2
913,Barbara Rodriguez,1,3
914,Charles Lopez,3,3
915,Jessica Smith,1,1
916,Elizabeth Martinez,2,3
917,Patricia Hernandez,3,3
918,David Hernandez,2,3
919,Jennifer Anderson,2,2
920,Mary Williams,2,1
921,John Hernandez,3,4
922,Barbara Williams,2,1
923,William Williams,1,1
924,Mary Garcia,1,1
925,Jennifer Taylor,2,4
926,Linda Smith,1,4
927,Linda Anderson,3,3
928,Sarah Gonzalez,3,2
929,Linda Martin,1,3
930,Sarah Gonzalez,1,3
931,Susan Anderson,3,4
932,Jennifer Smith,2,3
933,Michael Smith,3,3
934,Joseph Garcia,2,4
935,John Lopez,1,1
936,Robert Martin,1,1
937,Susan Garcia,2,4
938,Patricia Anderson,2,2
939,Thomas Jones,3,3
940,Jennifer Martinez,2,1
941,William Brown,1,4
942,William Davis,1,2
943,Robert Martin,1,3
944,James Martin,2,4
945,John Williams,2,4
946,Patricia Jackson,1,4
947,Joseph Jackson,2,3
948,Jessica Davis,3,1
949,Susan Jones,3,3
950,James Jackson,2,3
951,John Williams,2,1
952,Thomas Miller,1,4
953,Thomas Gonzalez,2,2
954,Susan Lopez,1,2
955,David Smith,3,1
956,Robert Lopez,2,1
957,William Johnson,3,4
958,Susan Jones,2,2
959,Robert Lopez,2,2
960,Barbara Miller,1,4
961,James Williams,1,1
962,David Gonzalez,2,1
963,Elizabeth Jackson,2,4
964,Patricia Jones,1,1
965,David Rodriguez,3,3
966,Richard Taylor,2,1
967,Joseph Gonzalez,1,3
968,David Smith,2,2
969,Linda Jones,1,2
970,Jessica Brown,3,1
971,Charles Moore,2,4
972,Mary Gonzalez,2,1
973,Jessica Davis,3,4
974,Charles Williams,2,2
975,Charles Taylor,2,2
976,William Taylor,2,2
977,James Brown,1,4
978,Joseph Lopez,1,4
979,Thomas Lopez,2,2
980,Jessica Gonzalez,3,1
981,David Anderson,3,4
982,Jessica Garcia,2,3
983,David Anderson,1,2
984,John Williams,1,4
985,Mary Smith,2,2
986,Joseph Johnson,1,3
987,Karen Garcia,1,1
988,Barbara Thomas,3,3
989,Susan Brown,2,1
990,Linda Lopez,1,1
991,Susan Martin,1,4
992,Richard Jones,1,1
993,Barbara Martinez,2,1
994,Charles Gonzalez,2,1
995,William Hernandez,1,2
996,John Gonzalez,3,4
997,Elizabeth Moore,3,4
998,Joseph Martin,2,1
999,Barbara Brown,3,2
1000,John Davis,1,1
